,A,B,C,D
1900-01-01,-0.8303358120492188,0.32891274382501534,0.6132168691171236,-0.28415911372072317
1900-01-02,-0.35046561916990737,0.2610939465668666,1.2612982765244989,0.7442965941578359
1900-01-03,-1.9536971553597398,-0.8394718688308668,0.7808172706481764,1.2902124884279895
1900-01-04,-0.9286853118833363,-0.8994320298313845,-1.354573107978524,0.07255661053032814
1900-01-05,-0.507596684013166,-1.8843157344806092,-0.9205175991159419,1.0551593397553802
1900-01-06,-0.36413727469938095,0.7030570512469079,1.6044850681407743,-0.9420523743830251
1900-01-07,0.8840785856209858,0.9119523336172884,2.495251390865233,-0.5803877573990823
1900-01-08,-0.4489268518439573,0.3207779052165374,4.011324372953997,-1.7924506812578709
1900-01-09,-0.708610683236105,0.4510891844507492,4.588386343196292,-0.2533573049422537
1900-01-10,-1.1900888437919461,0.9255539869001252,4.051694096467026,1.1444314365048514
1900-01-11,-2.6843785124840243,-0.12688414520979818,3.238454427133321,0.2968880322714571
1900-01-12,-3.1106006505321213,-0.2863000947122478,3.5956207586665596,1.812723399579474
1900-01-13,-2.714320166366206,-0.9220219426397875,2.985667523386512,1.2599501659580845
1900-01-14,-3.944933747495636,0.6077384676979305,3.9440461468173758,2.448269706321486
1900-01-15,-3.951087121800138,-0.10881316794044205,4.311673726846865,3.129454171129338
1900-01-16,-3.9189128770920365,-0.1608350811970987,4.541210471414756,3.7337763664044172
1900-01-17,-3.013970972762334,0.1359863937676226,5.963431809187378,2.8659750450974437
1900-01-18,-2.4154886825577075,0.7132269805952561,6.106276393586188,3.139065179134773
1900-01-19,-2.6149419408555703,0.09751227991622025,6.351542076204004,3.8835299677559703
1900-01-20,-2.089334474592544,-1.0547144696978175,5.606099117522409,3.3282195786608755
1900-01-21,-2.6025593486773864,-1.1727468762682054,5.259189042877775,3.3568132877528254
1900-01-22,-2.638241712108727,-1.7742909910859184,6.885830418242692,2.386890774578373
1900-01-23,-3.2881834589738412,-2.254631975671954,7.250127800835751,4.263866702763764
1900-01-24,-3.8702649825531057,-2.9292744309294454,7.975633740450368,3.9326458870779097
1900-01-25,-4.257966307227207,-2.960233677322157,9.727274735555826,3.954954540310987
1900-01-26,-3.863260229392447,-2.3871143367423415,10.537364770692944,4.1134111649114065
1900-01-27,-3.790710720112364,-3.3049362482654105,9.580921239496508,2.400721062048606
1900-01-28,-3.717652270220238,-4.174713039293742,10.655111307809355,2.0128402396383267
1900-01-29,-1.0800306538426718,-5.2852092986886285,9.450577541287617,1.5974866961983163
1900-01-30,-1.5632774516921857,-6.531984246932449,8.267563832527705,2.568052331949261
1900-01-31,-1.385563717974025,-5.881144665689851,7.048326258398292,3.565203390604751
1900-02-01,-1.0684272449449568,-7.619179609157644,8.257979667669645,2.780209710872482
1900-02-02,-0.4728637795711743,-7.015664849567437,8.129478758168379,2.4864841314071233
1900-02-03,-2.297292930087631,-8.896475223046464,9.707403885538994,3.3600489595726555
1900-02-04,-1.6069673197890642,-10.24568931882157,9.09151108439369,3.3992314043038343
1900-02-05,-1.5486572590243028,-10.706350430247452,8.988129546105336,2.369797062472742
1900-02-06,-0.32013091455321274,-12.923318256201307,9.350550377508107,4.174752502378595
1900-02-07,2.393026941562428,-12.575727529958849,9.706618681125196,3.5280246215067477
1900-02-08,2.0196232662820814,-12.953596010855437,8.723045177761671,4.607527993300399
1900-02-09,1.5950986293761464,-12.495391935733458,9.750430566752252,3.9543536946206697
1900-02-10,0.47651321258962986,-13.057306615408237,8.891300076883736,3.0072533338179963
1900-02-11,0.6009231540633712,-14.343930491845732,10.280844050648517,4.199689105224744
1900-02-12,1.7196089193279018,-14.780255314499385,10.445133956656894,2.583988066174768
1900-02-13,1.8580482456163852,-13.874022017767244,10.82969104817836,3.2925969130006796
1900-02-14,3.2161682165857064,-12.942706026495426,10.113142434916222,3.433167085048836
1900-02-15,1.9763714056299326,-12.666907985275664,10.306089200524779,3.3009021355504875
1900-02-16,2.3415966928548833,-12.558373409055001,9.574838024816932,3.104039694639626
1900-02-17,2.3731099037936376,-11.847863506198724,9.0465745913132,3.756008312409234
1900-02-18,2.3489524052845523,-9.632553936286492,7.189738303189824,3.0008633221604306
1900-02-19,1.774084472015062,-10.261972373196318,5.303392926360897,4.014436831213399
1900-02-20,1.951708352049785,-10.238246560269163,5.2746130645994205,3.4034726275058222
1900-02-21,1.4824457784464615,-11.592384710421255,7.159548061785422,3.2661176520514754
1900-02-22,1.0955956038429533,-12.388500097493107,7.125191641629208,2.767480661306543
1900-02-23,1.922761478556229,-11.571548678214764,7.231674532681468,2.078957937447605
1900-02-24,2.1868822914142183,-11.10182832223817,7.308453109562954,3.3602818042181815
1900-02-25,1.942860259251346,-11.250125354641764,7.831148026655946,4.824220551965508
1900-02-26,1.4974770335698717,-10.847398455242748,8.213545732570761,5.181235197980575
1900-02-27,0.9438808254588573,-12.671515923623303,7.254718051404607,5.938531351528951
1900-02-28,1.4970942267760783,-12.416925351630953,7.507720910029755,5.725936143374806
1900-03-01,1.0395805617248892,-12.599111302926874,8.83477268142892,5.4797674727769525
1900-03-02,1.981332335741294,-11.960643311461238,9.159594578795863,5.598677199528976
1900-03-03,1.6782153839496488,-11.77351831637962,9.757570011235355,6.394020900186009
1900-03-04,0.5203944475442266,-12.733298813086575,7.791356153970898,8.228434897208386
1900-03-05,-0.729109893906325,-13.638436052950366,7.876282516154357,7.335073196940569
1900-03-06,-0.22853340260053823,-14.713329250497157,6.836916401704947,6.8719454891038865
1900-03-07,1.1584200854360773,-14.975729116909822,4.228350842761973,6.588567235525927
1900-03-08,-0.2755611223200467,-16.34752537547014,4.625515139851747,6.015656273039969
1900-03-09,-1.3528392085771193,-16.393474730825442,2.9877875238895464,4.17997246419861
1900-03-10,0.573072995854798,-14.086749398258576,2.9428971862127518,2.8183761478496017
1900-03-11,-1.3977588371722323,-14.925245853886393,2.07153389090336,2.2971522131423763
1900-03-12,-2.08917061874735,-14.413383896360154,-0.18380265948247132,2.006562075124955
1900-03-13,-0.8820412987892414,-15.124115243561198,0.14050737273175257,3.1275170438454825
1900-03-14,-2.216048609727007,-15.086982958389644,-0.9112481429013513,3.180812428307107
1900-03-15,-3.1945354121900755,-15.229080241557737,1.4775532935306996,4.786282354884247
1900-03-16,-3.9000300294334265,-15.52307174611163,1.8132696606634349,3.8112884496545965
1900-03-17,-1.5510557495858062,-15.058884754093507,3.115203517697232,4.458521995927755
1900-03-18,-1.6080100255021066,-15.563670822166285,3.005467560851512,5.199060032034105
1900-03-19,-1.877693372318202,-15.800130899427561,3.6492245111297006,4.368876784255208
1900-03-20,-2.0833504467783617,-15.437824669649618,2.5676709760007896,3.0214774043464763
1900-03-21,-3.195525602589977,-14.973343711442297,4.562116525847336,2.7579964162099926
1900-03-22,-4.527069974596638,-15.906331611464957,3.6808217603600264,3.713607942773858
1900-03-23,-3.611628148301799,-15.464403982817682,3.309310977209341,5.649445720514078
1900-03-24,-4.402261048548156,-16.297189580961387,4.174606707924323,5.576440918605861
1900-03-25,-5.642509296173522,-14.744624851903879,3.165819228270535,5.7833748617024705
1900-03-26,-4.919732246020754,-14.616418048908379,2.320887679826792,5.358533117356645
1900-03-27,-4.757374383221076,-13.781616130426734,3.085189772130117,4.607225401965332
1900-03-28,-3.222126251477528,-12.12901101284983,2.228841561864279,4.861854188490767
1900-03-29,-5.119114630559334,-11.648342710444506,2.163513383052459,5.118604337264594
1900-03-30,-6.2627886564288575,-11.023297350083405,0.05627220648809761,6.040909929406363
1900-03-31,-8.029373185598748,-10.942729877607846,-1.081496843694616,6.493476261539662
1900-04-01,-8.626240679190598,-9.151034860506773,-0.8568737586873414,6.357175526692253
1900-04-02,-8.74611585763308,-7.277134717463639,-2.773284858595026,7.352584501551663
1900-04-03,-7.352343116531873,-6.099330304522354,-3.0761106653874264,6.933542031434833
1900-04-04,-7.416249811451864,-6.341729126295166,-2.378656387177963,8.023828779910488
1900-04-05,-7.539355311591497,-6.05337254527434,-0.30572612615389927,8.6579922066238
1900-04-06,-9.23111325766292,-6.121099647259298,-0.7586958690354317,9.707243730502816
1900-04-07,-8.121901728723454,-5.505177886455386,-0.8005970015403486,8.604438822289756
1900-04-08,-8.198877922410233,-4.8740185715406055,-1.9260216955180356,7.297696226262881
1900-04-09,-9.03368578358043,-5.1020603217258085,-2.3870124621203392,7.9507754602119824
1900-04-10,-9.661743646658223,-6.469888901089827,-2.5044757151239723,9.49860866783702
1900-04-11,-9.287067491724338,-7.3619193631528645,-1.2359449933209055,10.703616641407741
1900-04-12,-10.89620323585111,-6.0470941413559895,-0.9415923414650327,9.469759609677222
1900-04-13,-11.645510308721459,-6.39560375106784,-0.4411572601891285,10.445659990438445
1900-04-14,-11.911112678265345,-6.718669894978795,-0.6534222378062532,9.526301293965071
1900-04-15,-10.208712052287174,-6.742313260511226,-0.49554840417062396,9.34286277624158
1900-04-16,-9.834914335208337,-7.179409871054123,-2.8446074681813114,8.711656171965124
1900-04-17,-9.487841369575683,-6.787462355314479,-3.4690117471135475,10.136369992899219
1900-04-18,-9.524370025406357,-6.471829079440235,-2.6245765342605316,9.319478705136856
1900-04-19,-9.181905769275724,-5.949042548588113,-4.759667598336874,7.540801922064908
1900-04-20,-8.160238775267924,-4.487976503463411,-6.049933625455445,6.843451198136959
1900-04-21,-8.678666557313694,-4.019586311989288,-5.432744855608657,8.040617178394706
1900-04-22,-8.053316504623117,-5.3687072082038725,-4.268567804106226,9.313380940379261
1900-04-23,-8.867859672295591,-5.678970098112044,-3.425853456900775,10.539750678676135
1900-04-24,-9.768293712122075,-2.4933236386531323,-3.4894210545407987,10.103757168095246
1900-04-25,-10.684418578968442,-1.8928854487287294,-3.9051726484821754,10.758720953065463
1900-04-26,-12.2492418026956,-0.31800687960106266,-3.628587647499008,12.096632299646883
1900-04-27,-11.975586861142093,0.3683031642686191,-3.1886710611732694,13.251353361899374
1900-04-28,-11.551905317324298,2.1315588916202017,-2.5143781375213314,13.327718920853796
1900-04-29,-13.02202455463408,1.518553030762436,-2.8440866625361463,14.116426562601522
1900-04-30,-13.139575971264085,1.9286177289843514,-2.716252449160557,11.25742782887078
1900-05-01,-14.716285300254647,1.1713599720350816,-2.668144641013045,11.496309025014435
1900-05-02,-12.56911960685364,1.3295890987230379,-1.7163273337785703,10.947230257072254
1900-05-03,-12.8271279775351,0.8111578497392057,-1.3577190610305805,12.427956756266747
1900-05-04,-11.971048275483648,-0.8068861318347741,-1.1012620990980202,11.813900688943255
1900-05-05,-12.151633806483112,-1.1685228696623353,-1.6053174939521777,11.916945423563295
1900-05-06,-12.254390281652297,-1.0886816474870757,-1.6508832427338151,13.295196062372451
1900-05-07,-12.288757715932089,-1.2985607624011637,-2.275755449852384,14.477361020385167
1900-05-08,-12.226307409548136,0.21787063905740678,-3.8245160018316615,15.371570465857532
1900-05-09,-11.086718982829439,2.485018668772737,-2.505248075886832,16.564414637285136
1900-05-10,-12.295431749129273,3.5559087922177373,-2.4432207864212665,17.700233654854355
1900-05-11,-12.17572681387361,2.8930335050080656,-2.8021927881404167,16.821298188969465
1900-05-12,-12.632653843245329,2.761132119786226,-2.0414253415073746,18.399346140198116
1900-05-13,-12.57915934993176,2.5286139656602997,-2.7867753795263046,19.310396310785485
1900-05-14,-10.933305665994542,1.582591515124037,-1.6972674555240965,19.38824621555855
1900-05-15,-9.438364310751215,1.118798547716367,0.09154296084622171,21.27885505680273
1900-05-16,-8.657843401883033,3.0525265543895355,-1.6221542333083525,19.657683678448528
1900-05-17,-8.41883896434937,1.3724996023648992,-2.4725245297526826,18.636809819083584
1900-05-18,-8.469027973542348,0.17664291756924055,-0.41825165964004407,18.093677091234508
1900-05-19,-10.222791096789983,1.826204336681904,0.07966656856581195,19.107569572420505
1900-05-20,-9.267184908822498,-0.3096015582664384,0.6214001453324622,18.59809283768431
1900-05-21,-8.407506866031829,-1.6008631090460461,-0.7846074623656232,17.910179519157865
1900-05-22,-9.986700914865889,-0.4004976285241897,-1.9489058213414439,17.30823201515425
1900-05-23,-9.424687030187135,-0.017778286718644898,-2.4072258967927294,16.704048944611568
1900-05-24,-9.321986737431361,-0.5938642862816853,-2.870408654669487,14.891099078393989
1900-05-25,-8.68696819609615,0.12853965412731372,-2.226523685378377,15.353525889834362
1900-05-26,-8.378163684062848,-0.49165628664422745,-2.9088093138772204,16.977789784014913
1900-05-27,-8.228731836088004,-0.45791153245546073,-3.0651298179390105,17.03466813565748
1900-05-28,-8.349305706073187,1.0451229187891442,-4.817775295113896,17.209306710987548
1900-05-29,-7.858423017012574,0.5490546541403101,-3.4040324089124097,17.902953388591232
1900-05-30,-7.456057379464184,0.6671597932797979,-3.8292416708214163,17.026274041676412
1900-05-31,-5.656854904222245,0.3305152349590756,-3.8879967691866444,19.19039981347241
1900-06-01,-8.01493974250189,2.1464220512026797,-3.8225343051222476,19.578134857036783
1900-06-02,-6.28326556070161,1.295973069821557,-2.779092598563463,21.93270502098936
1900-06-03,-4.47542569851291,1.8470235566005688,-2.996939868209743,21.98776483209321
1900-06-04,-3.210879220413501,2.5553847352873795,-2.043676380392415,23.087061447034944
1900-06-05,-2.930758931297611,3.14876723691303,-3.41779660936682,22.749551227804176
1900-06-06,-2.922596705868581,2.870196443412656,-4.691813690941229,24.653434626206476
1900-06-07,-5.235428313572639,2.753630282931479,-4.424600267787392,25.869179378155735
1900-06-08,-4.908573995155948,2.1026919694116226,-5.801957616611581,23.56318726637553
1900-06-09,-3.399711064045861,2.5685765281567994,-4.609073441224083,23.21967910854723
1900-06-10,-2.935748449807825,5.019591750327683,-5.632333449148701,21.73060144004305
1900-06-11,-0.9610498732377586,5.532047159750008,-5.247663967132787,20.607349694556554
1900-06-12,-0.565111900149923,5.50572990467807,-5.610265508891068,19.437622285368526
1900-06-13,0.10491597921573514,6.781849546760926,-5.175079449683382,20.94371806495804
1900-06-14,-2.0401827047137076,5.693196805218827,-3.908664979137475,20.580252838570026
1900-06-15,-3.7566822220601934,4.577536923709413,-2.7941434625947505,20.504302934516343
1900-06-16,-2.302012652752776,3.6131210109978396,-3.2221033007752102,20.421859611267468
1900-06-17,-2.175440247211965,5.320855780909168,-3.354775110843094,18.47793791910101
1900-06-18,-3.1084486132422877,7.204740337559652,-3.332125273187668,16.86607555078086
1900-06-19,-2.839262971994597,6.3193242139418615,-3.381192379731547,16.33781851559204
1900-06-20,-0.6134873343379295,5.831599274072824,-2.489832382382888,15.743948210200218
1900-06-21,-0.12470028850609516,7.3757624630100365,-2.555282992473394,16.261104949465736
1900-06-22,-1.2067916705380015,7.88953595688059,-4.227243867249014,17.6589387902592
1900-06-23,-0.37209892443361314,7.1258690705889,-3.6424661550292803,19.542142466009157
1900-06-24,0.4654802396947807,8.610002878886071,-4.5697079174359905,20.470990768086434
1900-06-25,0.3599875016387089,7.703526503944576,-5.34465573425043,19.657778285916486
1900-06-26,0.5881467218061721,7.2470673851864955,-6.5572562877439005,18.789780200161882
1900-06-27,1.925526553921466,8.855354866207492,-8.710631467857988,17.593631463094678
1900-06-28,3.0150223247560834,9.283993640251524,-8.756899360018126,17.777155998041177
1900-06-29,3.8909549970340405,7.459205751683712,-7.4945144994169155,19.118486610974934
1900-06-30,6.100151410582466,8.324031452263352,-7.558638717660197,21.008999290823073
1900-07-01,5.663968479851453,8.517978782940462,-5.508377263710134,20.877423061912154
1900-07-02,7.411347139309439,7.963621037771455,-4.872191733520943,20.684487157962238
1900-07-03,5.941186837108229,7.2213793041751515,-5.440082560407168,19.7895678133565
1900-07-04,5.981780031310941,6.169368995419078,-6.039168569146082,17.82254269813021
1900-07-05,6.133928844302277,6.235182141454141,-4.563740078976149,18.443208981252685
1900-07-06,5.902805726306776,6.8616812788893435,-3.985264467800082,17.427985866597016
1900-07-07,6.133786354619858,6.624052071675153,-3.625191701547548,16.351043839161363
1900-07-08,4.669103936605863,5.582248563821258,-2.4613052978712204,16.11810722057432
1900-07-09,4.481319764662426,7.511022310284594,-1.9084539559412284,14.533887695447667
1900-07-10,4.8111787551675755,6.837084530535771,-3.46399590816952,13.841817398010908
1900-07-11,5.087638148181563,7.422525726638509,-4.540884670732945,14.425042735698247
1900-07-12,4.733090886616161,4.233253175195102,-5.388720990486275,14.752122315111912
1900-07-13,5.8669443453417,2.2433896460493408,-4.431580842926158,13.754492889244428
1900-07-14,5.762124067908162,2.5079151484619957,-4.498701171432659,12.638821303175042
1900-07-15,7.086493838418761,2.4333077492189252,-3.5175834372910537,13.654723249039636
1900-07-16,8.568187364263567,3.1055728359074295,-2.1452154772159426,13.11970602420201
1900-07-17,6.732994598455929,4.6233673637926636,-3.176923247291817,14.831232527581232
1900-07-18,9.227292336228835,5.887394505206588,-3.834706550741311,14.86717784139763
1900-07-19,10.239835992975008,8.826454923641865,-4.269792773888046,15.299871390452791
1900-07-20,10.83982559600205,8.699698127575381,-3.5212636998600297,15.362328169641133
1900-07-21,10.041948735383974,9.827533182463005,-4.722296210793078,14.48317174077445
1900-07-22,10.542586304961702,9.939516414978797,-6.3811124110358515,14.618636963539112
1900-07-23,9.863877423965803,9.807456027042907,-5.98830128303142,14.068205924213213
1900-07-24,9.342007510151934,10.181335279830325,-5.1695748408230076,14.00560841808368
1900-07-25,7.907550836872594,12.415586551050279,-4.86348769464853,14.20626502631516
1900-07-26,7.676175904024281,12.977076617567043,-5.089251310387459,14.113780090978446
1900-07-27,7.804277211290762,11.706026696266933,-4.382346735546566,14.668792222484694
1900-07-28,7.576188395962185,10.096205565409122,-4.300267514654475,15.84316027995118
1900-07-29,8.170605701306673,11.091223025114049,-3.9211692987027016,16.52934118977817
1900-07-30,10.309212027772942,11.342848421569684,-2.438666419407981,16.195975501497113
1900-07-31,10.506463444378364,10.910962226161146,-3.626751459950187,14.94803681257531
1900-08-01,11.030671278768828,12.691431652488507,-4.438757364498559,16.10523968201118
1900-08-02,9.8852407387241,13.14526319922391,-4.829281044666566,16.526632564052424
1900-08-03,11.095749652533007,11.168036779951791,-5.009210036057331,16.014900996156676
1900-08-04,10.057849707842442,11.361763831772972,-4.6995349720774495,17.076851570512684
1900-08-05,10.163107225570739,12.705086454416504,-5.091663446814336,18.14320645520765
1900-08-06,9.309336663237062,11.028445424808083,-6.074911639603901,19.912417866238854
1900-08-07,9.14220060172329,11.63922235385952,-6.417290971452476,20.227443906134077
1900-08-08,9.304133889783019,10.563462844847544,-4.998132923160316,21.04014024975479
1900-08-09,11.030857619920614,9.86796498701754,-5.563022306446023,20.777214549585487
1900-08-10,10.941945498172757,10.508218836536113,-4.953952886639093,20.633728698131016
1900-08-11,12.33731597275871,10.875802239971263,-5.335036194226088,21.07024273937409
1900-08-12,13.327836839406139,11.379317743662206,-6.206980549557276,19.81076896642855
1900-08-13,14.506804046569297,11.242256374667734,-6.440732049530102,20.389084929733308
1900-08-14,14.784057427342024,13.666860977019795,-8.039091305489015,21.21951278297731
1900-08-15,14.313116273218638,15.25776708471444,-9.072558090311407,22.03692821804844
1900-08-16,15.023285337476414,15.58332051089769,-6.450945308714383,22.102136410134676
1900-08-17,15.191487601536622,17.19956628961328,-6.27036143780159,21.623814810319292
1900-08-18,13.729861076051607,17.786638386644736,-6.620518810657759,22.95375775059273
1900-08-19,12.31888497964186,17.060142356823125,-6.449700403013592,20.952941447158267
1900-08-20,12.107097555141584,17.474518175393534,-7.03652137384516,19.64439578154827
1900-08-21,12.551420303669033,17.842895504577548,-6.817028188328146,20.795189167205553
1900-08-22,13.693838650887734,16.272362933271175,-6.39374404376983,21.750347696484482
1900-08-23,14.642879459945108,18.013162766140432,-6.194503769765717,23.723146822333927
1900-08-24,13.848743781294216,17.509044072651914,-7.056272746521696,23.983445229009046
1900-08-25,12.949071249609696,16.365647112525348,-7.184546616977789,24.169305144484625
1900-08-26,12.509053208463826,17.36688033374127,-6.910924568911854,25.571124896474462
1900-08-27,14.094607546951824,19.296085576857564,-6.526519692948596,25.261906803761313
1900-08-28,14.72903382567847,18.94860865724419,-6.018481210075885,25.958877212084158
1900-08-29,14.445482918809361,18.852508928426865,-6.503329685001115,26.50699120795944
1900-08-30,15.869530678575218,17.57102370437137,-6.3832797954604725,27.21685775374462
1900-08-31,15.749737239278485,17.223178173774464,-6.501992491518858,27.487242792141657
1900-09-01,15.084233501845757,16.79174634006113,-9.452242576946219,27.159442100343348
1900-09-02,15.488080385493106,18.043615633573886,-8.756118733338015,27.978147656839173
1900-09-03,16.249156110700106,17.416345118350034,-7.894838266048788,28.023081924949093
1900-09-04,16.368714753712908,17.910147489776698,-6.675399557286471,27.366024703195002
1900-09-05,16.52138433404629,19.087786253429915,-7.214704562139288,27.3269520140455
1900-09-06,15.326502657829254,18.6458624068361,-8.973224556857065,27.64553690083697
1900-09-07,15.380430316171491,18.239687688818723,-8.845280471314995,26.912591457261033
1900-09-08,16.362944206981552,19.975358522671705,-9.838322840429019,29.3995987392026
1900-09-09,17.203240305586167,20.367615200899692,-9.641619854974468,29.925340327939406
1900-09-10,16.381564864436644,21.460341076418718,-10.641761614451392,31.172410536513464
1900-09-11,16.548358188741037,21.851764758422334,-11.994165972613747,32.76588118812593
1900-09-12,16.063975893906875,22.646919819019587,-12.768650033001759,31.748332175928375
1900-09-13,16.45716577713234,22.73045472325849,-13.816632554911921,31.485617913392545
1900-09-14,17.754422998141163,21.956606073408345,-13.077745101883746,31.34045725902783
1900-09-15,17.414790360698174,21.89931749818513,-13.891793726334472,32.50819042136753
1900-09-16,17.23014291420548,21.685755426459224,-14.09452940222094,32.98606777581023
1900-09-17,18.064297030236315,19.912952769662073,-14.843161770270017,33.7970616066503
1900-09-18,17.969974168361503,20.872623029694314,-15.53141571603008,33.976580762309794
1900-09-19,18.05884114212001,19.71811633288226,-17.165226236860818,34.811723276175194
1900-09-20,18.335570002022074,18.29782233024194,-16.936041993225505,34.33420727803203
1900-09-21,17.763541309748767,17.55012273666202,-17.805671932457432,33.971809034471505
1900-09-22,19.204463292522547,16.97425748692698,-19.438687494503164,35.89773834749923
1900-09-23,18.648918465443042,16.092641554449614,-17.54442882340521,35.55925288396365
1900-09-24,20.47474422258648,16.418424027474895,-17.385405988934025,37.36383525117475
1900-09-25,21.758523522592746,15.822636981197883,-16.07633456691574,37.67759725479002
1900-09-26,20.884712722096616,16.144561070396517,-15.188563891340351,36.687028331223715
1900-09-27,21.789297015769474,15.49037147329357,-14.933162539729555,38.26647864499877
1900-09-28,21.07905184406326,16.529655788402998,-15.118357693942322,39.01451871962018
1900-09-29,18.767622233289156,17.133080871421672,-16.05366784022422,37.19242588828609
1900-09-30,19.545488881848236,17.25881715660148,-18.08391940322216,36.859242242429445
1900-10-01,20.47551017575615,17.895074567066086,-18.13921341287971,35.91274117897058
1900-10-02,18.558954248029913,19.124170012472295,-19.990681048628815,36.1160708410248
1900-10-03,17.285775205673517,20.171377047654715,-18.764242853819958,35.54849021964729
1900-10-04,17.393400114229586,19.51305253174783,-18.356235912624683,36.34216852320027
1900-10-05,16.44621659406452,16.1740594576691,-18.191639963735703,36.72283571403086
1900-10-06,15.243528234519367,14.775571595195307,-18.835740613935037,38.775283268630986
1900-10-07,15.510980065538536,14.195736896042664,-17.513327278653183,37.14219281813139
1900-10-08,14.765701118489096,14.18877943803267,-16.693027896950962,37.57893417644193
1900-10-09,14.567909245082868,14.771859449857892,-17.327150164486724,39.12850793077045
1900-10-10,14.533047092010824,16.75685646718326,-16.760243051952333,38.28948619308554
1900-10-11,13.749961996666618,16.513287979869443,-15.549353500589328,39.17465422879146
1900-10-12,14.45690021789511,16.65398625544944,-14.119683587913343,39.774927536287024
1900-10-13,14.295633571465732,17.95151607954023,-13.306077571578866,39.61333244490511
1900-10-14,13.47415563197457,17.321490375085492,-12.564481639188005,38.93863365651937
1900-10-15,12.056964529644437,16.40414101061127,-12.736371166130152,39.393496777613926
1900-10-16,12.068954780003097,16.525762341363222,-11.784946697781564,38.791350241355836
1900-10-17,11.766747837755645,16.97063773140426,-12.111650459623899,38.06706711322458
1900-10-18,12.584585023894503,17.840970882038043,-11.670660988115902,38.31684095401108
1900-10-19,12.189342536002394,18.64583236680739,-12.252484420456176,39.05448268475164
1900-10-20,11.143935335203826,20.05467666858059,-11.586149903672379,37.95331402267811
1900-10-21,11.088669732856113,21.80787880229299,-10.951414955835482,38.94236681089677
1900-10-22,11.806085921911961,20.14338187838419,-10.631241340564001,37.360277107831436
1900-10-23,10.828579450639095,19.66560888237267,-9.335514458021573,38.66049664321074
1900-10-24,11.069604479249351,19.65047719862574,-8.931567286574658,38.93231254550793
1900-10-25,10.590367513503184,20.446449903728737,-10.64274344145888,38.57158215653765
1900-10-26,12.25809754762708,21.664470376455526,-10.718160533643482,38.965590189832575
1900-10-27,12.024662581489691,22.82616546159547,-10.073229534120106,40.911157598466026
1900-10-28,12.30332399981642,23.35335707780943,-9.404839689589423,42.578416902524395
1900-10-29,11.585220740302335,25.524751169150154,-8.485996599869273,41.80157560559615
1900-10-30,11.334176443408127,25.53687640220112,-9.035913742907987,41.0789422225611
1900-10-31,10.959352795890844,24.038571685712842,-9.912506144871474,42.39406788931447
1900-11-01,11.237885630408533,26.901109977981427,-12.253975201309165,41.500657782382184
1900-11-02,10.17358154123715,26.73671614218139,-12.835458384613467,42.49954878149626
1900-11-03,10.050025570969282,26.456853356304805,-14.51999502213975,42.853170206693015
1900-11-04,10.991922020836533,25.287885884429187,-13.500089826434941,44.94643392044743
1900-11-05,9.705280722918129,24.561613784242738,-13.069441270048703,44.795433522090654
1900-11-06,11.985265765288323,23.683298344894844,-14.425326707526096,44.953170023854035
1900-11-07,12.276107053521228,23.166912980513974,-14.352915758657732,45.636169431890394
1900-11-08,13.166735960126223,22.356726225712684,-13.662648929485668,47.17532790061991
1900-11-09,15.09611280058798,21.37099776158476,-16.805356362047878,47.634206308463156
1900-11-10,15.430777578469437,22.395000204931154,-17.69433626607314,48.030610431056516
1900-11-11,14.207089370322683,21.552402080502763,-18.558098104354457,47.15879874532211
1900-11-12,14.056836999864032,20.87975373453141,-17.689400284630036,48.19518622110988
1900-11-13,14.345970460485313,19.831590879807514,-17.856943455818886,48.76967992773852
1900-11-14,14.644342824094934,20.343053178217033,-18.349430347556353,48.76059542502246
1900-11-15,15.066676853280107,20.431409411943672,-18.086034246159645,50.28846842582702
1900-11-16,13.885264182942517,18.170121859130315,-18.098140837057773,48.17220854614734
1900-11-17,14.24534486652376,17.160655066394213,-17.63511217224857,46.407793000164894
1900-11-18,14.395152557137022,18.10156693699319,-16.393239518646403,46.99567409174195
1900-11-19,13.110569134702251,17.672733823851,-15.052256415918755,47.76002853138815
1900-11-20,13.6138542440756,18.95546721220118,-15.733149297110181,49.130885903808384
1900-11-21,12.131149951216225,19.248680166794077,-14.545226666846222,50.02078785413769
1900-11-22,11.408428307446407,20.989062790551124,-15.081962118787276,50.22869598051332
1900-11-23,12.987549698742834,19.76994840545873,-15.336126477681342,50.109811249240764
1900-11-24,12.309500775792918,20.37251938202957,-15.993712385633062,51.204929111527214
1900-11-25,13.570535011082471,19.898492051371317,-16.726832196458187,51.748479745247316
1900-11-26,12.238622277151245,20.21160636272463,-17.062125425524403,51.54432819199608
1900-11-27,11.502770985969564,19.52630682482914,-16.35264096271749,51.63003279649585
1900-11-28,11.782638850337397,20.735885373067475,-16.285800088809587,52.01627686346573
1900-11-29,12.562440519241036,21.682340353425495,-17.7110043957887,53.50744476735872
1900-11-30,12.67614668748134,22.807941016794835,-17.027727418377264,54.47064214033698
1900-12-01,13.173739608111129,23.90327712934361,-18.18810748547372,54.5371297379495
1900-12-02,13.860370187668753,23.00147529409491,-18.067082964586394,55.437484220776795
1900-12-03,14.208328398390861,22.409129333912666,-17.631512885097035,54.658314109880116
1900-12-04,13.182462897063441,22.83560652108942,-15.964535670481297,54.05779132300244
1900-12-05,11.562396977834888,24.853498875941924,-15.860015953204337,52.81620964827724
1900-12-06,11.800077274052281,24.412152125044667,-13.899376284762432,53.80275279060942
1900-12-07,13.319617102361672,23.571152055203083,-14.287861046169976,53.28406539362208
1900-12-08,14.839878922840441,22.699528793179766,-14.288431343949405,54.13173353425489
1900-12-09,13.999728702308456,21.93265354928223,-16.003628359287852,54.09208093735712
1900-12-10,13.774445805676223,21.58458398307595,-16.470690716275552,53.4786042199227
1900-12-11,14.294404275433413,20.760341698467254,-17.515952635702742,53.46564663355246
1900-12-12,14.060983653615825,21.943907857357225,-18.551066895915575,54.25315878537241
1900-12-13,13.500246751811213,23.203333621828293,-18.66111273138311,55.122114970165214
1900-12-14,13.86745080459423,21.5597219537168,-18.368064427012932,54.41706674080553
1900-12-15,13.99654980385124,21.20715608099693,-18.362479921815613,54.46653884684246
1900-12-16,13.334841052492743,20.8459755503231,-15.419500818463575,53.8475488495839
1900-12-17,13.286581954159969,21.50560197291815,-16.284278337145384,51.79201668680041
1900-12-18,13.033460153552431,20.61393145112031,-14.88485535231419,50.02693764317932
1900-12-19,13.116011514794094,19.740306301322793,-13.64763008669583,50.790486127888
1900-12-20,13.837014971092765,21.238110374982654,-14.148074725053567,50.774624390034596
1900-12-21,14.311639522506255,20.05603521952347,-13.606487111345626,51.19115202058665
1900-12-22,15.330856015461212,19.73464687650676,-12.486000038906147,49.93875861019454
1900-12-23,17.820587375160333,18.005518074362282,-14.269244849309327,48.39307898679298
1900-12-24,18.067624474393476,19.376814031998244,-14.072615338234673,47.99314311961498
1900-12-25,17.904715343346503,19.47199634321215,-12.679853143967087,49.4357635728339
1900-12-26,17.461885708478565,20.12865901632484,-11.827311215880671,50.24342739986374
1900-12-27,17.459285060415898,19.17490283936292,-12.359532956443424,51.02166247274165
1900-12-28,17.76312626017721,17.52245988521052,-12.56692326061668,51.793138973937594
1900-12-29,18.246270243602794,17.92464262083468,-14.33108046472342,52.485306035896095
1900-12-30,18.177002456804317,18.796198449040887,-13.6963599143809,53.80038674952339
1900-12-31,19.041836874259527,20.146271040823766,-12.853382421183618,54.091609232909164
1901-01-01,16.991756116706156,19.40526365056665,-12.822794454109514,54.29302632878117
1901-01-02,16.225772876506426,19.411262830444713,-12.9441090116702,52.7897869135112
1901-01-03,16.873352393374734,17.91267297995391,-13.523911268378832,54.00235314537437
1901-01-04,16.097850654471205,17.303090721080896,-12.905875530061111,55.945213020765884
1901-01-05,17.33322828127046,17.321179666022733,-13.647296918057686,56.36076178396889
1901-01-06,16.68609556953484,18.345086493552277,-13.060704057612844,57.378275223644906
1901-01-07,16.47938967321868,18.541243002299602,-13.406255270159424,57.340539500099915
1901-01-08,17.083819935319383,21.171713151608223,-13.546353373245314,55.78511675358656
1901-01-09,17.378351408594952,21.57631327223833,-13.455295091324599,57.497782356080165
1901-01-10,17.230764380271413,22.14481204401475,-11.479619878562819,56.87669363431058
1901-01-11,17.923244311993578,22.802278897699452,-12.68100021205727,56.92859624581321
1901-01-12,18.73553325854668,22.567581748719647,-11.13106727426918,57.51836801042846
1901-01-13,19.386452692345124,22.878402306110488,-10.348691675601506,57.08754967070818
1901-01-14,19.135629651652785,21.892220110353474,-10.918091444715866,56.819786286738434
1901-01-15,18.320457297926733,22.227444571107192,-9.140198922914857,57.54117601666498
1901-01-16,17.49733842262748,21.077592604122252,-9.658217931770611,57.487130464783625
1901-01-17,19.61288962266958,21.74876096091758,-9.416492536379659,55.51390912596921
1901-01-18,20.60728880882546,22.909460887047224,-10.641177031383286,57.15212748767193
1901-01-19,20.115761145629236,23.270912560609382,-13.464349048625458,57.7897554030122
1901-01-20,19.301522327385356,21.665577885991553,-14.552701638512051,59.102673375803136
1901-01-21,19.88876711108343,20.79133660037278,-14.826220656493089,59.31862207452876
1901-01-22,20.221411224991442,23.22180079281545,-14.814716683456902,59.09305476728432
1901-01-23,20.781437096923803,23.784739391705447,-15.214657366174274,59.931872003340274
1901-01-24,20.064581007223257,25.920297031111385,-14.206326070739815,60.086341142508736
1901-01-25,21.335850602245944,26.91272085246038,-15.555633030306122,59.20283371821648
1901-01-26,21.10829932309405,27.04324697101367,-15.15455702449944,58.60068310033183
1901-01-27,21.29996346128045,27.414602981339065,-16.614093828116236,59.67187854285944
1901-01-28,18.84756546428147,27.636896758818963,-16.304953199302897,58.941046004147715
1901-01-29,18.907673472288906,30.098675678024406,-16.302592213783104,59.247405237880145
1901-01-30,19.3651866550016,28.69597663540305,-18.263389896355807,59.78084343358757
1901-01-31,19.044250130170592,30.2371518893883,-19.764052069351354,62.20467310812489
1901-02-01,20.29057292979831,30.655058088651284,-19.92114936747126,63.08681368660088
1901-02-02,20.63440107386237,30.103695923346024,-21.284139671190715,64.07349670743884
1901-02-03,18.78207075898122,31.797765655193317,-21.74747709601192,64.63258000447169
1901-02-04,18.578996227637774,29.88953152544044,-23.49031994042863,64.13244751304485
1901-02-05,17.89642226919033,30.18601789502642,-21.93871925833234,65.05288517099466
1901-02-06,17.875831556113273,30.048282658791056,-20.72711839608092,64.5293872127933
1901-02-07,18.40882657084151,29.709611492929884,-20.173305790845177,65.84599703169381
1901-02-08,18.03075089760756,29.73858034433111,-21.395827027158408,66.17122604392607
1901-02-09,16.881147847524957,30.96878312837221,-21.656322066791567,67.82089075234126
1901-02-10,17.54810151799336,31.458343383918493,-20.428002174104414,68.08295198178982
1901-02-11,17.311057666135067,31.98448078549285,-19.658327654904248,68.9332731660123
1901-02-12,17.72773448911866,33.23651622301334,-20.101607649844212,68.08841006828308
1901-02-13,17.98342014275418,32.557657018663086,-20.010820739641094,68.44763657650948
1901-02-14,17.693459795043683,31.4638168009131,-20.032431230025583,68.0600601269848
1901-02-15,17.6129616707922,31.207492120505822,-19.782008202060453,67.97359366945203
1901-02-16,18.286200712292924,30.18030551597686,-19.883589922879292,66.39102168813156
1901-02-17,17.53612799221277,31.407144072921845,-21.55423104646636,67.02882160643374
1901-02-18,18.319806309690787,30.344522906930454,-22.558165765008006,66.81170637918264
1901-02-19,18.470698216860825,29.975118785307455,-21.751469196439494,65.36467962473044
1901-02-20,17.87862807143931,31.453955471911478,-19.689279778240248,66.1649626704585
1901-02-21,18.7213384511703,32.55003778842788,-18.779518761929925,65.3795866152921
1901-02-22,19.627929871897802,33.41843690369253,-19.573891999884065,64.56381827325303
1901-02-23,19.603075219059146,32.272953289529596,-18.810972671875362,64.82246442557046
1901-02-24,17.914699064903804,32.18796003951961,-18.2771627664456,66.66091326555956
1901-02-25,16.851665783126094,33.36270719654043,-20.79188244329152,66.55239984540981
1901-02-26,17.692990461425275,32.436842666790334,-19.741486631099754,68.62322239738694
1901-02-27,18.57898429140549,32.273961410163956,-19.49842777403763,68.74402318301803
1901-02-28,18.229292852724818,31.91469594246888,-16.89353558405272,67.58533610123561
1901-03-01,18.313439982743546,32.74044264847486,-17.726711368329305,67.42893476552617
1901-03-02,17.22484319778811,33.13970113552987,-18.150342408199418,67.03256659974821
1901-03-03,17.984769884056103,33.03825485503659,-17.786072974179323,67.68568901598172
1901-03-04,17.84695466724147,32.35604653439573,-17.787696648377246,66.99603476411
1901-03-05,17.660065733999176,31.661967211401205,-18.469249960325246,67.12831335965951
1901-03-06,16.668303440880898,31.771030756017343,-17.716705133979023,69.46168079077638
1901-03-07,16.896151416554417,30.303676015589843,-18.45608563249836,69.21148919121325
1901-03-08,15.19768404746456,30.524443044510683,-21.095595756487214,69.98907122634135
1901-03-09,15.189629301123295,32.423240592895446,-20.666768739458938,70.24987021201096
1901-03-10,15.00527947637763,30.407437448837438,-22.82758934490211,69.69245615871277
1901-03-11,15.15179886061407,29.497570324296298,-23.030459199311153,70.9783432980811
1901-03-12,14.287584896330639,29.1093268885394,-24.265833812273414,72.75890947374175
1901-03-13,15.423301168932486,29.58761635155154,-23.84076048126361,72.66587755529034
1901-03-14,14.482691150180848,31.32988141750958,-22.181883600501617,71.41166382872525
1901-03-15,13.050824418637955,32.11064301916777,-22.351419751645604,71.43699826196061
1901-03-16,13.318520341619248,32.1682185021189,-21.414527378941486,72.84812635617045
1901-03-17,13.232142963928455,34.07106560480572,-20.34837607992893,72.18540415753075
1901-03-18,15.124732226463314,34.663453403954506,-20.605858025311292,71.84569626644677
1901-03-19,14.797926135172373,34.112937482849894,-20.928900590580223,69.95341105971364
1901-03-20,13.041757639616957,34.09541248556465,-20.43802259248975,69.88016435592782
1901-03-21,11.914856082679712,35.043484020331896,-19.688523144738454,71.24857362493063
1901-03-22,11.318694552836542,34.74549929937815,-21.684554003308886,70.81915301578083
1901-03-23,12.846052070802305,36.16771426859656,-21.33887789066706,70.53837168058229
1901-03-24,12.53968522793687,36.00582235972146,-21.18419801301228,70.07165462970964
1901-03-25,12.270865941618753,36.88793539233396,-21.08564914517741,70.19870195489787
1901-03-26,12.958030495311709,36.43548553560751,-23.42586704330398,71.09081308156486
1901-03-27,11.18763575805688,34.63720040122764,-23.04496530348854,70.3537516947304
1901-03-28,11.16523392101723,34.37807018811455,-23.023760436254097,71.66177033027085
1901-03-29,9.765028892253824,33.47583011465328,-23.250631974504405,70.99582186035896
1901-03-30,9.763292752046173,33.4123759018515,-23.421853310585266,71.33147568890155
1901-03-31,9.560347325016805,32.714512343779774,-23.873413016911524,70.79905966520778
1901-04-01,10.477704595126456,33.73387171134504,-22.45863550473799,69.39430325917876
1901-04-02,11.117649961033525,34.206806084440686,-24.260710615381598,69.21478210195727
1901-04-03,10.10856140353713,33.93976633363888,-23.569834633601147,68.00547615288225
1901-04-04,9.878770267829092,32.45347328197543,-23.47265788070137,66.71916292748696
1901-04-05,9.370181259685918,32.39866937041581,-23.731503916865222,65.6498685627717
1901-04-06,7.884085734352371,31.545552707560383,-23.849166537460952,65.35939933124995
1901-04-07,7.520327197047299,31.257941287594704,-24.95339529756342,64.91890842823234
1901-04-08,6.610572237430784,30.827745131190923,-26.923419558109032,63.23297335943722
1901-04-09,8.290043081025802,32.529578272241984,-27.395578269780323,60.919212167346394
1901-04-10,8.613139584284399,32.33332630697096,-26.89639143675655,61.15047345099971
1901-04-11,9.271545790016441,28.434504699513074,-27.893549751220082,58.84222363136267
1901-04-12,9.819665111599214,27.600335050775836,-28.25445057519168,59.81539630727464
1901-04-13,8.63343231880912,27.685047262201966,-28.49166137577853,61.70893205175534
1901-04-14,8.50362758177955,27.169012007850657,-28.023803835757075,60.23058170249796
1901-04-15,8.455762007530542,27.783910549123398,-25.72528903979306,60.92119509776035
1901-04-16,9.105887698746738,28.273422205330736,-24.727965330183522,59.94183975442351
1901-04-17,9.730060847062589,27.78017199770666,-25.150190387775606,60.406006180014046
1901-04-18,8.235378657559602,27.941539765083864,-26.525196426750313,60.69750173151755
1901-04-19,7.956701209223118,27.161927345793533,-26.646710339927242,60.504261575008975
1901-04-20,7.796487281421768,28.25150903176023,-25.62418382694209,60.2848014878018
1901-04-21,7.701717170890222,28.230200349745868,-26.849072980250828,61.08766894021
1901-04-22,8.259753729299298,28.930750782915414,-27.86332867945758,60.9328765346506
1901-04-23,9.782728841479386,28.38082202738994,-27.823242687841613,59.89362227249602
1901-04-24,10.87421099721186,29.42866252043166,-27.817919297932455,58.53301712853382
1901-04-25,8.665101164650725,30.694682830651367,-26.986923180666203,58.304045854698174
1901-04-26,7.8709970397931475,30.372744140463766,-25.762650928143717,57.970621463679855
1901-04-27,7.993124989324013,30.91273933259521,-25.682238157522328,57.15316073173359
1901-04-28,7.949127762798875,31.28401398353519,-23.970361226545347,56.37188013042779
1901-04-29,8.108997743754204,31.59301790283223,-25.69324176345451,56.8516957781215
1901-04-30,7.946240353352573,30.80192259286179,-25.66172388732593,56.40543233199865
1901-05-01,7.40284734242537,31.009174095011637,-24.819191677307654,56.02445949828275
1901-05-02,7.955172797723868,30.95022606046909,-23.044463572579325,55.12009330372721
1901-05-03,7.351022503585628,30.170215291623613,-23.233001094113945,54.23185213156673
1901-05-04,7.843746267732957,31.17170370620547,-23.92782758172363,55.092201631725345
1901-05-05,8.56843086035129,30.855411228782007,-23.426355573024317,55.7477404394818
1901-05-06,9.626957459122417,30.928581498581753,-23.521626494866613,56.65003566776709
1901-05-07,8.823337445946228,31.49795719559427,-22.23854064834624,57.152540872616825
1901-05-08,8.076283291795455,30.592338245784944,-21.135391889651416,56.1912195956148
1901-05-09,8.014290420482935,32.02180735010991,-20.839880646748437,55.48532317802883
1901-05-10,7.65867664234021,31.63866132842043,-20.860763726505215,55.18164154173092
1901-05-11,7.612356195958408,29.91616235391548,-21.67641829750748,55.52131513391524
1901-05-12,6.278625125487373,30.256814119805686,-19.750729657165316,54.89735289140717
1901-05-13,7.0411955445139025,29.256277439573797,-20.971944808164587,55.418316343452425
1901-05-14,8.44955614350052,29.533363465527508,-20.99182010035658,54.12485513808348
1901-05-15,8.874931041197062,28.037986910961294,-22.18955443491505,53.82994601865671
1901-05-16,9.411566378169107,28.296966420306315,-22.121045439191928,53.26875939549424
1901-05-17,10.102187210099302,27.964944767082095,-22.333089523234996,54.0869059724167
1901-05-18,10.548933867375988,28.40444319689756,-23.078622501572937,54.71612767373469
1901-05-19,10.956435772981695,28.338859081345618,-21.699665903659866,54.0824375952792
1901-05-20,9.673648664127112,27.861153753872255,-22.40273789420675,53.23825763040701
1901-05-21,10.498796212521167,28.447188134689178,-24.018643531584598,53.02457609954463
1901-05-22,12.52469766421758,28.235117625209483,-22.95110227840445,51.63954090947058
1901-05-23,12.314171207967194,28.347437975091978,-21.767387373226676,52.34397540818453
1901-05-24,11.00954022383518,28.897818291760327,-21.060311387764177,54.266787873919355
1901-05-25,12.287369690813248,30.398327032055313,-21.884037116899187,52.77162166063389
1901-05-26,12.357723861475224,29.795311551529586,-20.67159904679006,53.507701737513045
1901-05-27,11.57195161484964,29.113429956152487,-18.628764292537838,53.836302259843606
1901-05-28,12.186141235445138,29.55318550193305,-20.384272958620034,54.696422952882735
1901-05-29,12.365863521449581,29.45969474290826,-21.390657623619372,55.00654248648948
1901-05-30,13.546536719091499,29.66033403349394,-23.082657025279353,55.46241465963159
1901-05-31,13.093884623815715,27.500814131651563,-22.352861728444772,55.36387229171085
1901-06-01,12.253125928558692,26.868919161032366,-23.331990796911114,53.92014205301774
1901-06-02,11.804928571271333,26.938263205340427,-23.713802180286212,54.46088241271631
1901-06-03,12.466717302783135,26.298857892220198,-22.783047235783066,54.308638540850446
1901-06-04,12.623122021349943,26.90554603561608,-24.3842248671047,56.23164029827221
1901-06-05,11.949751165001182,26.103134926539255,-24.779150652751973,56.95307997398511
1901-06-06,11.760667929198434,25.806356734582362,-26.090530064713768,55.732872297851216
1901-06-07,12.104378180619735,28.4709984768125,-25.76004249431567,55.35877130185592
1901-06-08,12.01277637098114,28.087340143923726,-26.161198693659077,54.6849700359397
1901-06-09,12.099291974285919,28.32903302887111,-25.93860066152978,55.50288513942948
1901-06-10,11.977712047207273,29.124520688690318,-27.780445289990812,56.07230327814758
1901-06-11,13.457507175957382,30.81642386141521,-28.28900652205859,56.99313606634123
1901-06-12,13.357743624016416,31.31503104057724,-28.917781294536663,57.645057648307805
1901-06-13,13.591151201080573,30.884504725622598,-29.977803997433593,57.66425138416257
1901-06-14,14.225738764057548,31.137530426871116,-30.437185419828577,56.044619687319134
1901-06-15,14.885037799203346,30.724260989606783,-30.24651162685626,58.19002867451814
1901-06-16,14.097908498424461,30.90964042865419,-29.563489954343513,57.89061267271762
1901-06-17,14.49833610153679,31.788274083931775,-29.570990725400208,58.298342724831585
1901-06-18,15.770977048507536,31.792834058463956,-29.77221233094813,59.450774751779264
1901-06-19,14.750537741894039,31.551196641809835,-29.593517507790224,60.95343408290453
1901-06-20,15.362810916426682,31.452365419106044,-29.511557259254594,61.42931798805234
1901-06-21,16.200160357668217,32.78249439151225,-28.510356297926727,61.12189116014246
1901-06-22,16.248289370014888,32.75803902824002,-28.01985391031087,60.21317523560717
1901-06-23,16.90264237339079,33.087035927215126,-28.29221265503772,59.7717385259812
1901-06-24,17.110407833871903,32.817425048751474,-28.35287005712561,59.520610600284854
1901-06-25,16.000775669140154,34.051507993270235,-27.74124021240884,60.42627380826158
1901-06-26,17.36937278178199,32.89675207482301,-27.224927473541253,61.13309396826652
1901-06-27,17.038931317724842,32.46846371485085,-26.825726796730024,60.098549688003956
1901-06-28,17.304152298764315,33.317930369811734,-28.734658260656683,60.42975365438823
1901-06-29,15.68920829434142,34.137732861272035,-29.25574913796777,60.320931138240674
1901-06-30,13.370449697368002,33.58670189430042,-29.015709922253706,60.281041999663614
1901-07-01,13.53303079557642,32.25311154820235,-28.78665569795495,60.12049755806453
1901-07-02,15.619907578922406,31.64195590528799,-29.313155180795402,61.527573510359886
1901-07-03,17.39454864774799,31.08103749485307,-29.272318212859215,63.72387062162495
1901-07-04,18.619884214712922,31.681746092537644,-28.942097058408613,61.563693870800584
1901-07-05,18.966134487728755,32.31687674170037,-27.612718280667167,62.57445520882543
1901-07-06,18.68025291848694,31.507385316474352,-26.991710140904775,64.10897521737898
1901-07-07,17.76698724006101,31.56491274390772,-26.11727955404693,64.16638155234325
1901-07-08,18.66318527753642,31.84341086126758,-25.56684087583512,63.633120961106435
1901-07-09,19.567134420104004,31.614673523841393,-26.327602356316014,63.75860851760463
1901-07-10,20.327840067733337,30.65689268861877,-24.273488373856114,63.82792729323927
1901-07-11,21.484676783642765,30.18648252972502,-24.622302914591387,63.4871323274001
1901-07-12,20.17910413100039,30.005626503872133,-25.985568603527206,65.60868619053215
1901-07-13,21.061553651642466,30.738404194648233,-25.715368007933737,64.85781237996551
1901-07-14,21.616601928101417,32.68554721865558,-26.65428895162957,66.83319484452078
1901-07-15,21.169415188983436,35.5672975355702,-27.043172155829282,67.94568347471949
1901-07-16,21.526932693720678,36.43433651252568,-26.130910163075196,69.87136059037151
1901-07-17,21.55251271190277,37.078144785557,-24.958774591653302,68.59024370034565
1901-07-18,21.59412791919822,39.411176049732596,-25.639562944427965,67.55039559096917
1901-07-19,20.65611012085085,40.36535307919584,-26.32601693443017,65.44497987169967
1901-07-20,22.212849953287634,41.30911911433708,-27.110505302112674,64.84590857056094
1901-07-21,23.062218153062155,39.985865004436384,-27.231480216706665,65.0006935624408
1901-07-22,21.08142665997607,38.66547589343985,-27.565541626798673,63.64664642234659
1901-07-23,21.75917924831,40.104474617847345,-25.968689373049834,61.36614993432421
1901-07-24,20.11997510248067,40.91193350808706,-25.49308924418086,60.68980480993141
1901-07-25,18.32643427994432,43.251122574329926,-26.161576003987438,61.95977878084291
1901-07-26,18.301435614680646,42.2572337895295,-25.079339990209366,60.67509602629403
1901-07-27,18.320131536661346,40.740664032241696,-26.330684761287515,60.88119516987694
1901-07-28,19.961425122097424,40.90326798045812,-23.825643552866048,60.570591991159446
1901-07-29,18.776737492337922,42.41718949413357,-22.258826380164837,61.7921885630451
1901-07-30,21.578729579182976,42.117512341990064,-20.617012003319942,62.03179013813252
1901-07-31,22.180257002842502,43.482328015181565,-20.28222092571737,61.56790625597215
1901-08-01,23.020506573855563,44.066313990003664,-21.46152043181874,62.071823532460016
1901-08-02,22.467624162453166,44.80876220457676,-21.00292934752096,61.747374818743374
1901-08-03,23.729605390533433,43.84510249219879,-20.3739949455677,62.188032379277935
1901-08-04,22.5118586527972,44.71438076373717,-21.018024071269917,61.175967333245495
1901-08-05,22.404176331387742,46.61233149668605,-20.580750665825885,60.64015660811112
1901-08-06,23.961193141432638,46.763783708917764,-21.11374216171272,63.20819227108616
1901-08-07,23.554268129945786,46.253133346521274,-22.21646288217382,63.77788425458965
1901-08-08,23.166042633120917,46.766533838510604,-21.59912448445531,64.6950650526158
1901-08-09,22.311187311163806,46.28471056938927,-20.191612021854155,65.26158748157646
1901-08-10,23.636449646015567,45.91381672409185,-20.912729170696704,67.08082101033348
1901-08-11,22.580847996266858,45.16908939026664,-21.00897273556557,67.3011351328588
1901-08-12,21.745566910314956,45.74266246071562,-19.357319850750333,65.38538585394527
1901-08-13,20.685975569373998,46.611397898703665,-20.68229302176752,63.94534995258566
1901-08-14,21.013003293901946,46.434477222243416,-20.39815629690053,63.440329078991184
1901-08-15,20.65496836559555,46.82426555825931,-19.627555817930794,63.59661854519487
1901-08-16,20.985591889228548,45.87265986187362,-20.291466693375405,64.2433395780251
1901-08-17,19.816457995006125,45.89100208909186,-18.05224377554469,63.90791759266017
1901-08-18,20.721212594934347,47.154812024314786,-16.66397726557825,62.61504022607274
1901-08-19,22.483971424734793,46.643414031191995,-15.7851402301762,62.16347747218404
1901-08-20,22.51198734623613,47.87126261569079,-14.999450707097523,63.30585490202728
1901-08-21,22.53098265001103,49.74841833530566,-13.71591200443314,65.18972289618739
1901-08-22,22.171886727977544,49.01383389255801,-14.001018173730555,63.59086073535328
1901-08-23,25.714663326459963,47.607939361985764,-14.677364301314157,63.725324396453416
1901-08-24,24.88699640925182,48.676763893450044,-15.351886081118343,65.93077391998823
1901-08-25,23.702920589558985,48.04219103180968,-15.495406173739584,64.99556667515616
1901-08-26,24.693080496129927,48.25850453776239,-15.46924153822162,66.84352334231741
1901-08-27,23.651195867609466,49.24329825062166,-14.684060393891743,68.43315968707373
1901-08-28,22.486292133738015,49.38464333456489,-15.165285545911567,69.04751769121336
1901-08-29,23.34203385148874,48.78683442998471,-14.545900022381689,70.1275401644662
1901-08-30,22.973186953055503,49.58126702009696,-14.353509140898367,70.6601569015902
1901-08-31,22.87057298282135,49.45127963775394,-15.377294173773313,70.17255999858371
1901-09-01,21.203670255812494,50.240909858819236,-15.874771499689453,71.78330523912678
1901-09-02,20.963537651000763,51.20655363489478,-15.336902773966635,71.7646001356357
1901-09-03,21.458818619096522,52.534491248861876,-15.46292984559764,70.56657227033163
1901-09-04,20.291576855836208,51.44494730804237,-13.900287272528077,72.32440888951865
1901-09-05,19.917738825662422,53.67146221340966,-14.697135038192872,72.38766375917807
1901-09-06,19.59155475488419,54.41753503362687,-14.13529157646327,71.9169601117051
1901-09-07,18.988817785560595,53.667157802071785,-14.552952439186548,71.39873371689842
1901-09-08,17.903889121809495,53.95483970494713,-12.767699120259424,71.8832260566071
1901-09-09,18.94529461784399,53.1065248986852,-12.254682899766037,72.42806163148079
1901-09-10,17.282763154001387,52.56480385100925,-11.968109165556978,70.76816166708046
1901-09-11,17.832842375643907,54.04378358962417,-10.069588646787519,71.11690582540467
1901-09-12,18.448760084641748,55.62457078553756,-8.455944649426472,72.02825062852439
1901-09-13,17.934947496591015,55.47122400176158,-7.945229508994176,70.70516507667995
1901-09-14,17.87698129207358,55.40921245823794,-7.672648801066284,69.76898007584428
1901-09-15,18.59189615956141,54.0423930683793,-8.395565438488255,70.78664726038677
1901-09-16,19.053065283714126,55.313906035638205,-8.307819644825958,69.25497044559563
1901-09-17,16.88230362567928,55.156376258185915,-10.249596462235884,67.84708748019956
1901-09-18,17.215914831818317,54.49295241227817,-8.048656436496316,67.55389055509819
1901-09-19,17.141373691528813,54.68879360113026,-7.572063337141346,66.40764193952829
1901-09-20,16.260113091567685,54.670426531833314,-5.177842148554885,67.24433468279749
1901-09-21,16.56819438274711,55.54215935142261,-5.674487143502251,67.8103522795492
1901-09-22,16.809914798425552,55.9358975233585,-6.861910989152619,68.50683698038438
1901-09-23,16.815893292605335,56.7582415782591,-6.381160220361846,69.0662541206706
1901-09-24,15.854617491190549,57.105905940204636,-5.509489449949756,69.1037540581867
1901-09-25,15.973844501061432,56.087901403551584,-4.659368918036677,69.6951391801497
1901-09-26,16.659146695933252,56.47900565116276,-5.517540164354115,68.06363666353818
1901-09-27,17.257321473632736,56.75996279490103,-4.364883523138459,67.56290178392908
1901-09-28,16.207469750062913,57.15847924326348,-4.889906325776625,68.52587694290615
1901-09-29,16.51136450261424,56.65520641145356,-5.258695578598142,67.68696122811426
1901-09-30,16.49163654914007,56.954975524228544,-5.998639263915044,67.66650281370356
1901-10-01,15.74311315043912,56.848346406765906,-3.2703636793257433,68.00705175790475
1901-10-02,15.058893345440724,58.654437069183736,-3.524151090363183,66.9721364084291
1901-10-03,16.07180102366936,57.913321982971325,-4.955241790779689,68.43439411560054
1901-10-04,16.363547621279167,59.397080163687036,-5.252043269023216,68.0017040827528
1901-10-05,16.435613055904984,61.50578488012521,-3.4879507530496716,69.19857648414633
1901-10-06,16.92811211796254,62.485552994232854,-2.4866642453928427,68.69607234208685
1901-10-07,16.53109784041066,62.609230205000586,-2.3423914671340365,67.43667509226614
1901-10-08,15.93054499502066,63.063204948215414,-2.1853901247249774,66.90772002646912
1901-10-09,15.33946670487974,61.39212709447165,-0.9681292456388726,66.07268433005893
1901-10-10,14.89641949388371,61.04550666886908,-1.3109107617839566,65.82014971388465
1901-10-11,14.765079995376793,61.27545292487273,0.22325094466474238,64.97757312259321
1901-10-12,14.981292330817045,61.19902276264147,0.9428834667361116,64.61935063195003
1901-10-13,13.659499241385795,61.08550437354319,-1.2601800060912396,63.99859905166887
1901-10-14,14.732666793968047,61.06166718808389,-1.0021162559088854,64.50580139536716
1901-10-15,15.494248540141244,62.03971556935198,-1.4484539685082545,65.70278212633717
1901-10-16,17.34859981523235,61.70471825696728,-2.9783889025840153,66.0460713107067
1901-10-17,18.51156883157409,61.52396284076612,-3.169882762734474,67.6467356460941
1901-10-18,17.19178237404887,62.72419640336822,-2.129805061120158,68.46059558976778
1901-10-19,16.392933873588316,61.909704677370016,-3.440150482088481,68.20827551348845
1901-10-20,15.689090911505337,61.565621139838974,-1.8641576601489291,68.4487473088745
1901-10-21,15.465012863374083,61.442349701241575,-3.542144694274347,67.23256642063731
1901-10-22,16.830576880572885,60.80222402689843,-4.614808086814356,69.42675481257876
1901-10-23,15.5644664481661,59.994965968265156,-6.886078484743662,71.4721728240751
1901-10-24,16.580333739138155,58.79579878596401,-6.78551516146004,71.84594661508252
1901-10-25,16.348460448525827,58.9347052458602,-6.864311472258917,71.32313704496202
1901-10-26,18.19791522756456,59.25904541436651,-7.620554184886979,71.16779844089777
1901-10-27,18.284926884567298,58.861166146369676,-7.23130353502681,68.69273785837734
1901-10-28,19.588374222023987,59.395027615804274,-7.416656757415944,67.5150020557205
1901-10-29,18.548747851475504,58.80163259969317,-7.4997192305595695,67.67819032868185
1901-10-30,17.992911544497478,58.78479121289395,-7.219923082807689,68.0400363573126
1901-10-31,16.338783463444788,58.96752751409974,-7.334471985533211,68.92967946066021
1901-11-01,17.31664054410277,60.567171024638185,-7.6618976181662175,68.51616519997059
1901-11-02,18.88925594592206,60.81170900600181,-6.593552189829674,68.38472072493393
1901-11-03,17.778461540746637,62.14188539444743,-7.652714678262324,69.61818534078719
1901-11-04,15.671040414114607,61.18717473863247,-7.710167578380542,70.0591175480463
1901-11-05,15.153486766748925,61.3856417320627,-8.074471208553712,68.46119052843085
1901-11-06,14.58298463845389,61.97236861179692,-7.74387263750848,68.44317763227919
1901-11-07,15.10890429047115,60.89174456743262,-7.842009105733022,68.78990383327174
1901-11-08,15.123642747866352,59.5334506517091,-5.769281094182183,68.57692132184347
1901-11-09,16.196708705832283,58.64963144362868,-6.468672027676552,68.48918901761445
1901-11-10,14.780592759153658,57.9297547299534,-5.269959351613389,69.04453862984757
1901-11-11,14.707123794476955,57.51115278540073,-6.835196262870982,70.7494901719331
1901-11-12,15.924174077134422,57.74520471711209,-7.634935155165787,70.58722471600876
1901-11-13,17.03803364413836,57.505867820574004,-7.090256040986194,71.52682940574401
1901-11-14,16.066775693825647,56.96310018644973,-7.393478129198423,69.68416131635004
1901-11-15,15.82800190420874,58.13241341418352,-7.323915367287884,69.0743167007397
1901-11-16,14.06042690823195,58.17584476767318,-7.191283055566004,67.97523974122171
1901-11-17,14.947381282525676,59.23465755543402,-7.532606442217151,69.93716259752749
1901-11-18,14.600603781661576,60.534711087873966,-7.149498838349503,71.13103949830854
1901-11-19,13.370336699896916,61.57807571523397,-8.043398002824704,69.27695066041879
1901-11-20,11.914184544134425,59.97486762211097,-8.324604071596951,69.61590936976178
1901-11-21,11.660543817330792,60.22716223012174,-8.008460359958704,68.91780341624103
1901-11-22,12.482660420484283,60.39212941814044,-11.108935462574195,68.97940035677577
1901-11-23,12.459426868588734,60.87282538206126,-11.808025553389205,69.96116482036979
1901-11-24,13.13120099305612,62.06223230726366,-12.254685012434704,70.58983552920378
1901-11-25,13.175456936203563,61.64650803187537,-12.922603799989677,70.23952626899607
1901-11-26,14.587976130607446,60.37303398478916,-12.616015416650995,70.95467268042735
1901-11-27,14.460200191730086,60.36582226669847,-13.49335908858568,70.41325373141018
1901-11-28,11.922827425372358,58.982492620410035,-14.070183402564654,70.80888258686426
1901-11-29,11.015860870952496,59.08986577470871,-13.551314097331733,70.74756000274107
1901-11-30,9.572104184998425,60.673610309792245,-12.922750894905679,70.63840285586951
1901-12-01,7.159543658787327,59.64781836637561,-13.099843282809234,70.48547267701224
1901-12-02,8.213871405203374,59.48416578202196,-12.846246300692327,70.05719784483932
1901-12-03,8.043669152733163,59.41213253032413,-12.756843600253292,71.14351161816538
1901-12-04,9.542931788778283,59.511817318076126,-12.88645668281487,71.59500365033153
1901-12-05,9.404447802669258,58.36704461451449,-12.444813388275715,71.43323997755319
1901-12-06,9.774023991756145,59.14844219636792,-12.06012621515101,70.43220810048818
1901-12-07,10.001278958265814,58.43838664187755,-12.145259847201801,73.36323182741084
1901-12-08,7.918663964168571,57.70131190125173,-12.72024629082514,71.63750503193755
1901-12-09,6.068483802422136,57.37603152009955,-13.269317563742497,72.02514908622311
1901-12-10,4.9207190974532535,54.34173637199294,-13.675999285808643,73.33552361705345
1901-12-11,6.503871855297986,55.06156393597349,-12.892863981889727,74.15247506880495
1901-12-12,5.380226500633192,54.29621873780182,-13.917569136762824,74.99592608509019
1901-12-13,3.7133105176238983,54.24468671106416,-13.137443447440397,76.31872327764454
1901-12-14,4.419628451040262,54.39839316118323,-12.482490635713813,76.99972671302258
1901-12-15,4.538025899077565,55.38738793120366,-13.347969413722488,78.29112141064276
1901-12-16,4.736684244100476,55.17633859919206,-12.267067242482435,78.84808917324472
1901-12-17,4.626509349427037,55.92836638902805,-10.955150681234784,78.98273289848079
1901-12-18,5.970353152818367,56.937808604636096,-10.008911485804754,80.11483835962082
1901-12-19,6.820342115784064,56.46258687156034,-9.312063342425413,78.46084149276354
1901-12-20,5.189424437659808,56.03827268271929,-9.204872468959818,79.01805578897698
1901-12-21,5.295172878687528,57.94728444723906,-7.871739736141789,81.02105966551858
1901-12-22,5.364379205102974,60.34266490655718,-7.310366848154349,80.33195292168563
1901-12-23,4.835180510145869,60.45072591190167,-6.9147226830671675,81.88064716468108
1901-12-24,4.283533785110185,60.46405488870125,-4.510760029449266,81.97548819705884
1901-12-25,2.5210354827129056,62.60403278888036,-5.26586322106525,81.50442294592715
1901-12-26,2.0449943266110697,62.928484420128605,-5.158916085493323,81.82181752375143
1901-12-27,-0.09211016713294651,62.197851793679824,-6.972891558535227,81.65986882186483
1901-12-28,-1.374027451953474,62.93837309334496,-6.924275673022323,81.8332022206446
1901-12-29,-1.7291808936915336,62.29984583416326,-7.64792910711302,81.38232606287377
1901-12-30,-3.0481858451169788,63.44222452367836,-7.024697051570647,82.40539402722915
1901-12-31,-5.052261216715687,62.91750754166414,-7.776413504925244,81.67565880236761
1902-01-01,-4.667110084546856,64.04216257337822,-8.183626156268303,81.83796085816903
1902-01-02,-3.5062767692449874,64.22738435957426,-8.860785999079715,81.90127443290669
1902-01-03,-3.719618944452968,62.573560666467614,-8.577104451468703,82.35061535873304
1902-01-04,-4.934930479667161,63.04561551050892,-10.66779490675609,82.29610751979929
1902-01-05,-6.2227024050527335,63.5012270324526,-10.945995831132388,82.95591802215188
1902-01-06,-6.268063418181636,63.562233454987265,-11.26447457824111,84.67133607977514
1902-01-07,-5.548421545558714,64.3664259914347,-11.788754536352904,84.33809664085908
1902-01-08,-3.965589405293925,63.62035650513068,-12.25883789230984,85.48401962002941
1902-01-09,-3.3822748398679443,64.6188661177119,-12.110045606683302,84.49980816556423
1902-01-10,-3.8299612115478863,65.42313612478382,-13.304953451468142,86.62598818701372
1902-01-11,-2.722322445297911,64.71747961951723,-13.760961083047562,86.72570919127438
1902-01-12,-3.0257179494943784,65.44987270761575,-12.938129631307344,86.4679879308842
1902-01-13,-3.2388294158232376,64.66726163500246,-13.092467494267211,87.15133409960006
1902-01-14,-3.8423289725127496,62.715559791046765,-13.511739414258049,85.72468397569513
1902-01-15,-3.001192744820297,63.41027445240449,-12.788567591537504,86.69910708963457
1902-01-16,-2.71265379998748,63.033841667348504,-11.927719699661546,87.46869531018348
1902-01-17,-1.6989854468162822,64.17767658639556,-11.056105509766303,87.10939614506331
1902-01-18,-3.1330222054797563,65.90625022738774,-10.747938280453692,85.25213687783703
1902-01-19,-3.6022849857764636,66.27206107448359,-11.84950200730962,85.66670478742367
1902-01-20,-2.8061693416328164,66.304505967421,-12.544524898087674,85.29605587499948
1902-01-21,-1.5349734422263792,67.90662822279035,-11.964922454602577,86.95183841616736
1902-01-22,0.7699630732686396,67.29204634186429,-11.7019157933825,88.32311785849654
1902-01-23,0.32945633080492936,67.66428622317389,-11.270394476194184,87.57770483000195
1902-01-24,-0.1356646359719672,66.80757122130132,-10.184125795518334,88.36079415922403
1902-01-25,0.3947125644041757,66.6779014526559,-7.871087323907651,89.83872355450431
1902-01-26,1.9875155395712105,66.38834616562043,-7.489469534805943,90.53575683660908
1902-01-27,0.21863889717747287,64.62633164085214,-7.911158973795299,91.56886642708022
1902-01-28,1.0348567737763723,64.87375461241142,-7.981682788924541,91.52298662883908
1902-01-29,0.15194100831139368,64.00757892690257,-7.407811074704676,89.24707181959721
1902-01-30,0.5874259525581855,63.82133758398721,-6.161973280246653,90.18216182917426
1902-01-31,0.7662008075910534,62.58389912657413,-6.352725355362555,89.87467028975186
1902-02-01,2.3294694073715827,61.13416183742051,-6.538095416451568,90.90131785597626
1902-02-02,2.7272345884821787,62.79808981528962,-5.729507642464265,90.37660134785087
1902-02-03,2.798798986157565,62.28759467474196,-6.791101189833165,92.1324007769151
1902-02-04,1.132650902190639,61.28209658408017,-8.929073669581344,91.46735395193285
1902-02-05,1.7294412025765253,63.00769539967106,-9.427472553329045,90.94375225584854
1902-02-06,1.641189239534608,61.89198455182709,-10.454988060272845,92.30723381017678
1902-02-07,0.13014724209488882,61.99053805666802,-12.369501056007584,92.30603478248634
1902-02-08,0.34282303532322245,60.14263620611237,-11.5807601195376,91.29033713960767
1902-02-09,0.22624429137529883,59.89711343054022,-12.169714720516838,90.89388104853087
1902-02-10,1.7193259823991114,60.33209847633945,-12.133823445423923,91.89295798249798
1902-02-11,0.915756136565783,60.739298798645684,-11.490115200076644,91.37563121806828
1902-02-12,1.9883609545155654,61.18806952414474,-12.051328492901238,90.56894985783389
1902-02-13,3.094209351181468,61.71787473140349,-12.248295263351826,90.32335051543005
1902-02-14,2.0614055926670534,61.297439281215034,-12.504043126010085,91.20203097807926
1902-02-15,2.637113983409818,60.975720062391076,-11.859423296393024,92.94318439202644
1902-02-16,2.8608485539379336,59.458530094938816,-12.026424920651934,91.60777747856233
1902-02-17,4.193495260630163,59.41611034350765,-13.251621890881301,91.00760255220456
1902-02-18,2.5786833516078462,57.62230083696577,-13.531413437853434,92.92116707588676
1902-02-19,1.609759409028535,58.342365859255786,-13.069727782101303,91.37764635514112
1902-02-20,1.2924477435979729,58.517089797937295,-12.60753754723643,91.20320564245652
1902-02-21,0.2506144608353662,58.805620558242595,-12.288170286964585,87.69838299595466
1902-02-22,0.19571323395227147,59.68517213304714,-13.921718996475471,86.37242771029979
1902-02-23,-0.6160740440639204,58.609339684976135,-14.117055593820231,84.72193527143605
1902-02-24,-1.1935580638976968,57.76390730215702,-14.18763812932258,82.74903890092578
1902-02-25,0.33140878750498715,57.70386339383248,-15.522049163199599,80.49924378699279
1902-02-26,-0.29286902217387856,57.335822133238885,-14.89276924831199,81.76495490676113
1902-02-27,-0.21843413588973493,57.827194658014385,-16.184948164159298,83.23440981227823
1902-02-28,1.1942952767062693,58.35495576216261,-16.01592814008742,83.22556486679491
1902-03-01,2.5423023422971047,59.41795658946863,-16.970746300471873,81.8139619978712
1902-03-02,2.460071641957977,59.10059563371077,-17.8079551665393,82.37682173744545
1902-03-03,2.422238890645893,59.036478549119416,-17.189492986042644,82.32699374658753
1902-03-04,2.147378143689879,60.633905354009556,-17.563317905174003,82.10673085456926
1902-03-05,2.4768151387792874,61.342134948631454,-17.258756754742656,81.45453889758083
1902-03-06,2.775097782339046,62.98308630934558,-17.450696939379664,81.39176506780836
1902-03-07,3.3980005651395215,63.43757585651684,-16.919470617053108,82.29325911248071
1902-03-08,3.218685254066882,62.212685181173896,-15.87283454899505,82.8517344330124
1902-03-09,4.996881108408026,61.757670184719636,-16.444386482275352,82.77376921127707
1902-03-10,5.528294235765671,62.32576636955167,-15.555813904076926,82.46880502638291
1902-03-11,4.561082761511624,60.55412733180609,-14.326168542843122,81.10582703020079
1902-03-12,4.809749747516048,62.03508584684691,-14.871207738229076,79.52215701200052
1902-03-13,5.61847581928011,60.14145182089966,-12.755557112458009,80.89142970767064
1902-03-14,4.564803661011677,58.76401246225241,-13.212510265381805,81.37578436708618
1902-03-15,4.9278303765141285,56.90844288812745,-14.129313109366452,81.40756743500344
1902-03-16,5.210156659317888,57.090253095420124,-12.760291956429144,82.3732175717151
1902-03-17,5.031251644465233,56.56330976191891,-11.705062847872748,81.6410810162163
1902-03-18,5.0988020127884965,55.39348241945601,-11.92022199435473,82.69642477083679
1902-03-19,6.094376347295093,56.19328871303572,-9.92170191312809,82.28738366207543
1902-03-20,6.337166712401993,56.01924883400052,-7.773864393808379,84.14683299529786
1902-03-21,5.761091018644099,54.4364001108334,-8.283945556626941,85.03667494169261
1902-03-22,7.4640287254379825,52.641281430256015,-8.948333039803302,86.18279014693812
1902-03-23,6.513859648481831,54.33317158556013,-8.62363921744016,86.1451654813852
1902-03-24,7.339449019275689,54.36543664933118,-10.923845968995499,88.26027188901664
1902-03-25,6.61292831049017,54.48015974430926,-10.18268838259111,88.18632353072071
1902-03-26,7.162199060740157,52.64612625571061,-10.732568387587722,88.37891326535247
1902-03-27,7.454994988403374,52.931786029143005,-10.58061072294372,88.50367506768211
1902-03-28,7.107054094528089,53.68571769525255,-10.560975171109762,87.58732639653505
1902-03-29,7.51979899743329,53.958683129103186,-10.43229639657358,87.376136015267
1902-03-30,9.055251108559645,55.317724553426316,-12.71994032894509,86.31087458581193
1902-03-31,8.692541570398436,55.72304884147236,-12.72355547321357,87.99044487244382
1902-04-01,9.195657374536118,52.928842682914045,-12.668252274811271,88.76312580915676
1902-04-02,9.7853042059818,53.03255577425861,-12.542944054024238,87.10998018424726
1902-04-03,10.130753763059934,52.19959897889609,-11.633265889948076,86.99297162897035
1902-04-04,11.40799161713361,53.23031356319422,-9.783860684043994,86.66838604481767
1902-04-05,12.069586997672134,53.99352649018858,-10.125859729981418,86.14082559705442
1902-04-06,12.543618543298045,54.22938832486259,-10.245942028872939,86.65791487553838
1902-04-07,11.100917176781872,53.440848618043226,-8.976836318876655,84.38200259334886
1902-04-08,10.99922880803277,53.434171046501184,-8.754776488902454,83.52419004359433
1902-04-09,11.076598528367729,53.49707949890871,-7.016852546805867,83.05319175042102
1902-04-10,9.798284176191506,50.95685090137789,-5.97265873680416,83.55383252345655
1902-04-11,10.85274484283851,51.666537209081525,-6.503969788296475,85.02906112173025
1902-04-12,9.969667975503565,51.76767841078332,-7.976403024072972,85.26793947499867
1902-04-13,10.740887083018555,51.76250190718354,-8.306514409350704,86.1820839273488
1902-04-14,9.656553659849092,51.88028036118514,-7.866098297490856,85.68828888360564
1902-04-15,11.394262648175854,50.85792112662615,-6.938019314099049,87.6458496478277
1902-04-16,9.932517317228324,52.678834218656256,-8.439726761921431,89.12973487278173
1902-04-17,9.077449285255147,55.443265159493095,-8.146098193935035,88.57965476071702
1902-04-18,10.093050810742874,56.34389880706909,-8.625701124326836,89.89413483358103
1902-04-19,10.911503816879765,57.19045968787872,-8.943416589594422,90.0115076492849
1902-04-20,10.370713523184184,57.1615065665505,-7.61288907163411,89.17271954434906
1902-04-21,9.811367065305541,58.26284214097376,-6.476028383724523,87.62601870870424
1902-04-22,8.61196192600494,56.75177538933769,-6.050855164244239,87.85959178417367
1902-04-23,9.734433484926738,55.92092021102674,-6.985661862402727,87.95843729751033
1902-04-24,8.772168695376688,55.356708852696165,-7.212400736490034,86.17519854463796
1902-04-25,9.21429222725256,54.5604680575122,-6.136848033092192,86.28588066175226
1902-04-26,8.382293549531344,54.41067606086848,-3.7782911659662646,85.99693177669063
1902-04-27,8.655005455071416,53.89742339341397,-4.115141274194974,86.35835530199914
1902-04-28,6.999396736300082,51.36215823451973,-4.335351219147881,87.55862846332508
1902-04-29,6.720668144379788,52.75567568362919,-3.6493105167781046,88.350438240488
1902-04-30,6.635603523718069,52.176109759201935,-3.1309256424405856,88.45161296100603
1902-05-01,8.860483388911398,53.54749500018123,-3.4024628115545266,90.18603868780305
1902-05-02,9.983020300620087,53.356512819891066,-3.281402917942119,91.83015449609842
1902-05-03,7.99576723085114,51.96848977641176,-3.8325689571516626,94.15903007329646
1902-05-04,6.782473166277428,52.378689279857994,-2.173036620839654,93.61961587558478
1902-05-05,5.426988117565547,52.18370883889084,-2.3734878861125686,93.75702819013271
1902-05-06,4.178847390357549,52.63011712097723,-2.7873792513600137,95.02734392694717
1902-05-07,4.365690554609922,53.38040776232859,-1.9592492956821799,93.26055650829089
1902-05-08,3.0225557253015447,53.05279880961844,-2.5610337731579937,94.40510703362816
1902-05-09,3.7844168279320662,54.39483927899708,-3.908166696119613,93.64531050441296
1902-05-10,2.8984286525714653,55.84397869482861,-4.541850130108871,94.32677686995069
1902-05-11,3.1671244549515376,55.225883783026745,-4.00361654960188,95.32296130117437
1902-05-12,2.60691493411554,54.08583407182178,-2.385950046401475,96.45105805876189
1902-05-13,3.449822577766458,54.24915628670304,-3.550346745823842,96.86010935445049
1902-05-14,3.718931063125011,53.538648722623115,-2.870365541864677,98.91271802804278
1902-05-15,4.076008738838686,54.66163281508352,-1.7000215471674018,97.83750451992385
1902-05-16,4.5234532190668215,55.27369213543629,-2.2746463978668343,98.08524597830092
1902-05-17,3.506578336578821,54.35972535971133,-3.53923520365539,98.73042698596406
1902-05-18,4.394345369975317,56.0630209762354,-2.2227558621146133,99.51233548569739
1902-05-19,4.337749622620661,55.817380818627775,-3.1198208209707263,99.60771353414573
1902-05-20,5.704799817103084,54.75964708469904,-3.6241170382448167,99.52210057007471
1902-05-21,6.220554287957224,53.17572247035013,-3.1808299422336956,100.42628313201473
1902-05-22,8.094411343704289,53.07536923713151,-2.765427254013065,102.22834688716377
1902-05-23,7.026459072250731,52.90930955767055,-2.464658066464166,103.05029617831593
1902-05-24,6.4481660949959645,52.36006625938024,-2.663797907293828,102.79827618090349
1902-05-25,7.118320624307653,52.06425737701587,-2.845361068614545,102.72725494535644
1902-05-26,7.06381459210646,52.58370142099184,-1.6484168453670847,102.63154329950385
1902-05-27,6.677378828915138,51.34123700416076,-1.6599350929793792,101.72335161686142
1902-05-28,6.003133192053351,51.188526273354135,-2.586557403024096,103.32020563183495
1902-05-29,6.899876173458802,50.02373157490426,-3.9280801142940156,103.28615140340199
1902-05-30,7.182101090923759,49.040248581209916,-4.320518737752729,103.85970632962125
1902-05-31,9.77635837963327,49.65170788057667,-4.336656870592574,103.52529229081115
1902-06-01,8.521915220254295,50.357385489993185,-4.849706511848975,102.76981981434723
1902-06-02,9.323405642109657,49.12761890996172,-5.659633572392972,103.49445998383807
1902-06-03,10.184535195623209,49.52596095956895,-5.54128748913608,104.02180359328761
1902-06-04,9.125850519115701,50.25096582786423,-5.555520219232077,103.67139777024424
1902-06-05,9.638876360868931,50.45752378380675,-5.507973612069244,104.06477807323361
1902-06-06,10.168485693024492,50.60911874633569,-4.931702120288289,104.8572941067738
1902-06-07,9.983546827974646,49.35243171093513,-3.5857004249760482,104.91964797441915
1902-06-08,7.927511734453459,48.81771541768366,-4.485408639530125,103.08265293987547
1902-06-09,7.7006144245598795,48.21261270432633,-4.850427960863548,104.7613837533076
1902-06-10,7.980255531563974,49.11639981301153,-4.935464186655716,105.31430056744918
1902-06-11,6.398405517369064,48.760999787131226,-3.8580160246651785,105.30884085534777
1902-06-12,6.342262073943186,48.559459252081595,-2.493675464548719,105.03635134736352
1902-06-13,6.985393613545785,49.062499016267495,-0.5951384315143144,105.19100689644632
1902-06-14,5.192730889793433,49.032503988232875,-1.4691237059247726,103.09230544022488
1902-06-15,4.178278800313173,51.09687804763154,-0.3036935547292743,103.94708765096448
1902-06-16,3.8740653483164764,51.38955217112661,0.818301923841982,103.6758799924327
1902-06-17,4.602924808289089,50.53313349702928,-0.4577193513071367,103.12053523628026
1902-06-18,6.480584429475958,49.953054394832996,-0.7756519880906262,102.47720988134849
1902-06-19,6.419484668493335,50.432071184822014,-1.0592118468136635,102.57668774052168
1902-06-20,4.828884469246904,49.32037977814032,-1.2677979938361739,102.45083154050506
1902-06-21,5.822872982123248,51.20309683981355,-2.332019445612163,103.30335742350496
1902-06-22,5.4786505746881895,51.200187650720345,-2.4975706573987364,103.8674744245588
1902-06-23,5.6846697332158245,50.48414627349185,-3.188228759616858,103.60290796186278
1902-06-24,7.598490824932938,51.53682592889835,-2.8411624081896307,105.24260701634181
1902-06-25,7.300596387777195,51.16917901107862,-3.4838218083583223,106.38978204805953
1902-06-26,7.921986819965031,50.65031403515284,-1.8100198122108657,108.58923382450722
1902-06-27,8.805164791524698,50.00609618662744,-2.4213668674408186,108.71352802490013
1902-06-28,8.853251106485812,49.15089668692417,-2.5532746837667557,107.1710418451386
1902-06-29,7.916861446188631,49.7672164398947,-1.1416944190144902,105.96040115103933
1902-06-30,9.473319493888821,49.47777223571525,-0.6057285350282618,104.57944222625066
1902-07-01,9.082656841376075,49.71429073396444,-1.1752925890741506,105.50421580670745
1902-07-02,9.543935408880145,48.79807619933978,-1.483297010153778,106.38241475410183
1902-07-03,7.695391057903498,48.4724645488583,-2.7135589464095666,107.32782709032172
1902-07-04,7.823067130989295,48.19708716545327,-1.4685936289585664,106.36552521948217
1902-07-05,9.071526891019769,47.31285779745438,-0.03254357080574821,106.20365103140023
1902-07-06,8.657638443367423,48.349358627095064,-0.004735102478232632,104.15094932525125
1902-07-07,9.3069734093789,49.37994771147214,1.0916794023527405,102.74176808212736
1902-07-08,9.15762812659814,49.35023048938274,1.4981600534650945,102.55876978468336
1902-07-09,8.90802125408406,49.319970518555536,-0.47005001440674365,101.6545770757312
1902-07-10,9.782788566728096,49.846285620209414,-0.12843360547200305,101.17685571596014
1902-07-11,11.107246780938723,50.784986282729534,-0.6244838766226246,102.53583824586414
1902-07-12,11.838248887114771,49.922729794775975,-0.18424661873163312,102.62090813973873
1902-07-13,12.754657349526108,49.77892813105285,-0.6213446461707612,102.87493262482907
1902-07-14,14.806419262411804,50.588729599213714,-0.8370108017316008,101.14889883341087
1902-07-15,14.281460191419377,50.434237222828095,-1.2827320963782407,99.87678274456007
1902-07-16,14.661261359170549,49.879536454312586,-1.8981013232758075,100.67417244041705
1902-07-17,12.87311072119618,50.26821029131834,-3.023409789725452,100.62124604212423
1902-07-18,11.401197245685987,49.518064315238774,-1.7224310406330123,100.74884312035428
1902-07-19,11.229268880821895,51.61372489280454,-2.7029642979930473,101.57802719340442
1902-07-20,12.30602029386689,52.4271748390453,-1.77536671140989,101.7875571641878
1902-07-21,12.36007845488078,51.69625488727105,-2.3674342305575715,100.85479289990992
1902-07-22,14.524222320360533,51.043512898932654,-2.552490356420996,100.79848887699659
1902-07-23,13.615158516020253,50.644083625473435,-3.1004279670061576,102.10063869378769
1902-07-24,14.673485473457308,50.911910214378,-2.9596123057097774,102.23558587779513
1902-07-25,15.156873970070578,49.94579775229425,-3.101520344019458,101.39425526944436
1902-07-26,15.80783549952572,48.8145223815887,-3.2909187359602607,101.36496064670406
1902-07-27,15.340906440390558,49.972181246265606,-3.2990536917731625,101.75394766358747
1902-07-28,14.991431909873743,48.44393277439642,-4.340632937197359,101.81468290971618
1902-07-29,15.449890738353496,48.424284075659365,-3.5750521631705383,101.72824674105573
1902-07-30,15.71552016476767,48.94281067950584,-2.424611325399656,103.65025520214924
1902-07-31,16.92227195211559,49.10490235812362,-1.5796089581514996,103.40216922421925
1902-08-01,18.095681946343053,48.463980321259896,-2.183639208970342,105.38801678823776
1902-08-02,19.211356434245236,48.208333773868915,-1.8179051688388619,104.39714013221317
1902-08-03,19.412793163911175,47.806699495703214,-2.7828714887490924,105.99249415041955
1902-08-04,21.4168551742882,48.99832614326668,-4.107626027685431,106.53576178225524
1902-08-05,22.515491472258695,48.9340741633833,-3.2769931764050977,103.92968810946627
1902-08-06,23.308961842091716,48.706395694507236,-4.342461399750217,102.9924046055078
1902-08-07,24.752368343242118,51.047530279234806,-5.269300756660625,104.2033743608469
1902-08-08,23.13454625219614,49.996842936263015,-5.811846258218551,102.63103560775384
1902-08-09,21.88096180557656,50.13941152715539,-7.408515276583994,102.54109401908619
1902-08-10,21.176800502092384,47.95792061607112,-8.197688074979025,103.3228656531204
1902-08-11,20.66827265672797,47.79608957045956,-9.275964678098447,101.57842389548651
1902-08-12,18.92564606738884,47.95681777952287,-9.23789217163423,102.53493914964372
1902-08-13,17.534844966761263,47.3098970361001,-9.061426319749932,102.26148259293649
1902-08-14,19.36077652269381,47.038335988675954,-8.252616548181251,104.05757870095623
1902-08-15,19.873160097754404,47.20087030658368,-6.973262083339055,104.0140386974443
1902-08-16,19.037769824996975,48.05280278628725,-7.9004266560576255,102.73958053162885
1902-08-17,18.4746096255861,47.83413649779919,-7.500991618002181,102.67821398460912
1902-08-18,19.739857108685168,48.47493636810574,-7.705203518292693,101.37207395518784
1902-08-19,19.41754991949027,49.54333903749673,-6.976257569468013,98.82252141861646
1902-08-20,19.751406793032913,48.82737028011464,-6.747184397714899,97.2742439462199
1902-08-21,19.57777282986518,48.16116016506632,-7.154227321622958,99.68337895848718
1902-08-22,20.77244137687799,48.638033283896874,-6.323149144728324,99.56479202130869
1902-08-23,20.493524706775588,47.88302785910965,-4.755704418873563,100.2911551072522
1902-08-24,19.780899360090167,47.25297138985988,-5.038984646249969,99.50016200552739
1902-08-25,20.872143512900085,45.65382815891698,-5.247686964059471,99.83938804324637
1902-08-26,20.379503477410033,45.54297324522311,-4.79552851260935,100.31505063952635
1902-08-27,20.4131411580444,46.9687876067627,-5.699062365257375,100.93096513761331
1902-08-28,21.240723026374614,47.46735199087858,-6.025076892574814,100.23536067797825
1902-08-29,21.47464722668412,48.672160827503276,-7.162835775931768,101.69065660684254
1902-08-30,22.054972934470943,48.732055618310305,-4.777612385075189,100.73689736140904
1902-08-31,20.80148405033234,48.9543107957436,-3.985863647747056,99.76431754028808
1902-09-01,21.797879356952144,48.297172357826746,-7.040072155553325,99.22928723049776
1902-09-02,20.811808047157378,48.08592429836569,-6.748312929396357,97.13148979139858
1902-09-03,19.808611377978753,48.300498909448976,-5.925762157014827,96.71395966897741
1902-09-04,18.83730393246239,46.81241923398876,-4.923428633751037,96.07301664369079
1902-09-05,16.371571079312545,46.36733160459099,-4.162683074921043,95.75912295502945
1902-09-06,14.317439830035811,46.03549479519175,-2.215572124425957,95.54725916930984
1902-09-07,13.718881757664176,47.4686080888631,-1.0617425517695451,95.25488828392548
1902-09-08,11.907263315677202,47.66972890946525,-0.38178855091266206,96.30270637796569
1902-09-09,10.631682275113818,46.20804719096191,-2.1630025534582824,96.14867732636833
1902-09-10,10.742658978748619,46.73686680240923,-0.5009877600397081,96.20305927258636
1902-09-11,11.811304022919826,46.26546149469063,1.036268417641886,94.18708890205902
1902-09-12,12.882927754488858,44.871256787343015,0.20648505958222108,95.74458462719512
1902-09-13,11.660246912901531,45.31728878960988,-0.6507966932749986,95.6595379073965
1902-09-14,11.288435745822175,46.35440512495212,-0.2509481669208172,95.6890390656884
1902-09-15,11.757617695066164,46.50048426679695,-3.1164589308519535,95.90368857138422
1902-09-16,11.930282122155543,46.58474599970203,-2.232759608449876,97.00137985434135
1902-09-17,12.643071949871354,45.44744868680676,-1.1440747979477537,96.42779971026287
1902-09-18,10.83940545784684,45.32395052949027,-1.808924967549563,97.57175961099846
1902-09-19,11.718645410697237,44.90407298485243,-0.8619641994879466,97.92210277088088
1902-09-20,13.368680916538509,46.50282886234106,-0.6686797398660453,96.65141243702081
1902-09-21,12.339258793986367,45.613500591762936,-1.9311599295997572,96.045066220694
1902-09-22,13.79413995103694,45.97580183091491,-1.9742994568668617,95.40795146775146
1902-09-23,14.829029719669618,47.07350268183792,-1.8126050049018012,95.3289797091057
1902-09-24,14.280931527752436,47.168113604764066,-1.7526853013674022,96.50397731993802
1902-09-25,13.500171212573694,46.50501427623071,-1.0379108338977758,96.66791448097237
1902-09-26,13.03238509739714,46.024824801207885,-0.6978193959882473,97.12862636185812
1902-09-27,13.299627902437496,47.226782843149934,-1.5687862481932957,97.1286419331353
